{
  "gates": {
    "cells_fine": 623,
    "departures_per_day_quantiles": {
      "0.1": 1.0,
      "0.25": 1.33,
      "0.5": 2.24,
      "0.75": 7.95,
      "0.9": 25.92
    },
    "cells_below_2_dep_per_day": 253,
    "base_flights": 6143719,
    "tails": 3194,
    "tails_no_delivery_date": 327,
    "matched_inservice_flights": 6755840,
    "clipped_by_operator_delivery": 609117,
    "clipped_fraction": 0.0902,
    "regular_cargo_present": [
      "Aerotranscargo",
      "Allied Air Cargo",
      "Avianca Cargo",
      "European Air Transport",
      "Express Air Cargo",
      "FedEx",
      "Kalitta Air",
      "LATAM Cargo Chile"
    ]
  },
  "meta": {
    "fine": {
      "cols": [
        "s1",
        "s2",
        "s3",
        "s4"
      ],
      "n_fit": 431,
      "n_total": 623,
      "mean": {
        "s1": 0.6004313925336155,
        "s2": 0.07760035806484958,
        "s3": 0.5420606990658438,
        "s4": 0.6792539931015547
      },
      "std": {
        "s1": 0.42963663272876107,
        "s2": 0.1396427953356808,
        "s3": 0.36295192114075536,
        "s4": 0.2828938988354105
      },
      "explained_variance_ratio": [
        0.6071000269437501,
        0.2166420682104604,
        0.1249616134134257,
        0.0512962914323638
      ],
      "loadings": {
        "PC1": {
          "s1": 0.5949869872191118,
          "s2": 0.3165357066492621,
          "s3": 0.5457945054273158,
          "s4": 0.4978995775267626
        },
        "PC2": {
          "s1": -0.061464663478038147,
          "s2": 0.9231575135639979,
          "s3": -0.1506608139449795,
          "s4": -0.3482866914415557
        },
        "PC3": {
          "s1": -0.1338227307812409,
          "s2": 0.16900543953380975,
          "s3": -0.6315443943258858,
          "s4": 0.7447686326167245
        },
        "PC4": {
          "s1": -0.7901291393878017,
          "s2": 0.13792212648583113,
          "s3": 0.5296804272222434,
          "s4": 0.27588416977706537
        }
      }
    },
    "coarse": {
      "cols": [
        "s1",
        "s2",
        "s3",
        "s4"
      ],
      "n_fit": 355,
      "n_total": 508,
      "mean": {
        "s1": 0.5861686702380166,
        "s2": 0.08047461674713643,
        "s3": 0.5085686650603217,
        "s4": 0.6523429244411555
      },
      "std": {
        "s1": 0.4372974988309761,
        "s2": 0.1439705948674685,
        "s3": 0.3674030328574245,
        "s4": 0.28443759519284884
      },
      "explained_variance_ratio": [
        0.6118877963436707,
        0.20880909230925573,
        0.12828530574748764,
        0.05101780559958589
      ],
      "loadings": {
        "PC1": {
          "s1": 0.5924866821240168,
          "s2": 0.3358959699486861,
          "s3": 0.5370070185775824,
          "s4": 0.4977518366378187
        },
        "PC2": {
          "s1": -0.08320324991050038,
          "s2": 0.9227491424802816,
          "s3": -0.17812108173964175,
          "s4": -0.33148773656974884
        },
        "PC3": {
          "s1": 0.1138640935115563,
          "s2": -0.13205870541723413,
          "s3": 0.6458920175833663,
          "s4": -0.7432489274492118
        },
        "PC4": {
          "s1": 0.7931404156382376,
          "s2": -0.13516070341508313,
          "s3": -0.5125620390356703,
          "s4": -0.299900019128274
        }
      }
    }
  },
  "kde": {
    "fine": {
      "modes": [
        -1.8250984442763665,
        1.2318352202611278
      ],
      "bimodality_coefficient": 0.680636157145653,
      "n_cells": 431
    },
    "fine_hiconf": {
      "modes": [
        -1.7671690720213138,
        1.2651841631085095
      ],
      "bimodality_coefficient": 0.7155967629134634,
      "n_cells": 296
    },
    "coarse": {
      "modes": [
        -1.6736856941252278,
        1.287452728146631
      ],
      "bimodality_coefficient": 0.6534766075336144,
      "n_cells": 355
    }
  }
}